R0,SH0,T0,,R1,SH1,T1,,R2,SH2,T2,,
5.74E+12,5.88E+11,1500,,4.47E+12,4.09E+11,1500,1470,2.60E+12,1.93E+11,1500,,1453.8447
5.87E+12,5.15E+11,775.632,,4.61E+12,3.85E+11,850.1150893,833.1127876,2.74E+12,2.33E+11,1452.31,,849.1150893
6.01E+12,5.30E+11,766.627,,4.75E+12,3.99E+11,836.3735944,819.6461225,2.89E+12,2.48E+11,1414.43,,836.3735944
6.15E+12,5.45E+11,757.929,,4.89E+12,4.13E+11,824.1894066,807.7056184,3.03E+12,2.63E+11,1379.47,,824.1894066
6.29E+12,5.59E+11,749.52,,5.03E+12,4.28E+11,812.5218182,796.2713819,3.18E+12,2.78E+11,1347.07,,812.5218182
6.43E+12,5.74E+11,741.385,,5.17E+12,4.42E+11,801.3369064,785.3101682,3.32E+12,2.93E+11,1316.94,,801.3369064
6.57E+12,5.89E+11,733.509,,5.31E+12,4.57E+11,790.6007479,774.7887329,3.47E+12,3.08E+11,1288.82,,790.6007479
6.70E+12,6.04E+11,725.879,,5.45E+12,4.71E+11,780.2852351,764.6795304,3.61E+12,3.24E+11,1262.5,,780.2852351
6.84E+12,6.19E+11,718.482,,5.60E+12,4.86E+11,770.3632296,754.955965,3.76E+12,3.40E+11,1237.79,,770.3632296
6.98E+12,6.34E+11,711.306,,5.74E+12,5.01E+11,760.8105007,745.5942907,3.90E+12,3.56E+11,1214.54,,760.8105007
7.12E+12,6.49E+11,704.342,,5.88E+12,5.16E+11,751.6047561,736.572661,4.05E+12,3.71E+11,1192.61,,751.6047561
7.26E+12,6.65E+11,697.578,,6.02E+12,5.31E+11,742.7246727,727.8701792,4.19E+12,3.88E+11,1171.88,,742.7246727
7.40E+12,6.80E+11,691.005,,6.16E+12,5.45E+11,734.1528043,719.4697482,4.34E+12,4.04E+11,1152.24,,734.1528043
7.54E+12,6.95E+11,684.615,,6.30E+12,5.61E+11,725.8697664,711.3523711,4.48E+12,4.20E+11,1133.6,,725.8697664
7.67E+12,7.11E+11,678.399,,6.44E+12,5.76E+11,717.8619898,703.50475,4.63E+12,4.37E+11,1115.87,,717.8619898
7.81E+12,7.26E+11,672.349,,6.58E+12,5.91E+11,710.1129976,695.9107376,4.77E+12,4.53E+11,1098.99,,710.1129976
7.95E+12,7.42E+11,666.458,,6.72E+12,6.06E+11,702.6101897,688.5579859,4.91E+12,4.70E+11,1082.89,,702.6101897
8.09E+12,7.57E+11,660.719,,6.86E+12,6.21E+11,695.339997,681.433197,5.06E+12,4.86E+11,1067.51,,695.339997
8.23E+12,7.73E+11,655.126,,7.00E+12,6.37E+11,688.2907886,674.5249729,5.20E+12,5.03E+11,1052.8,,688.2907886
8.37E+12,7.88E+11,649.673,,7.15E+12,6.52E+11,681.4519032,667.8228651,5.35E+12,5.20E+11,1038.71,,681.4519032
8.50E+12,8.04E+11,644.353,,7.29E+12,6.68E+11,674.812679,661.3164255,5.49E+12,5.37E+11,1025.2,,674.812679
8.64E+12,8.20E+11,639.163,,7.43E+12,6.83E+11,668.3643932,654.9971053,5.64E+12,5.55E+11,1012.22,,668.3643932
8.78E+12,8.36E+11,634.095,,7.57E+12,6.99E+11,662.0963841,648.8544564,5.78E+12,5.72E+11,999.755,,662.0963841
8.92E+12,8.52E+11,629.146,,7.71E+12,7.15E+11,656.0018671,642.8818297,5.93E+12,5.89E+11,987.758,,656.0018671
9.06E+12,8.68E+11,624.312,,7.85E+12,7.30E+11,650.0730884,637.0716266,6.07E+12,6.07E+11,976.205,,650.0730884
9.20E+12,8.83E+11,619.587,,7.99E+12,7.46E+11,644.3022942,631.4162483,6.22E+12,6.24E+11,965.068,,644.3022942
9.33E+12,8.99E+11,614.968,,8.13E+12,7.62E+11,638.6817305,625.9080959,6.36E+12,6.42E+11,954.323,,638.6817305
9.47E+12,9.16E+11,610.45,,8.27E+12,7.78E+11,633.2065514,620.5424204,6.51E+12,6.60E+11,943.947,,633.2065514
9.61E+12,9.32E+11,606.031,,8.41E+12,7.94E+11,627.8690029,615.3116228,6.65E+12,6.77E+11,933.919,,627.8690029
9.75E+12,9.48E+11,601.706,,8.55E+12,8.10E+11,622.6652081,610.2119039,6.80E+12,6.95E+11,924.221,,622.6652081
9.89E+12,9.64E+11,597.473,,8.70E+12,9.37E+11,795.3751739,779.4676704,6.94E+12,7.13E+11,914.833,,795.3751739
1.00E+13,9.80E+11,593.328,,8.84E+12,9.56E+11,789.2670877,773.4817459,7.08E+12,7.31E+11,905.741,,789.2670877
1.02E+13,9.96E+11,589.268,,8.98E+12,9.74E+11,783.3043859,767.6382982,7.23E+12,7.49E+11,896.929,,783.3043859
1.03E+13,1.01E+12,585.29,,9.12E+12,9.93E+11,777.4822225,761.9325781,7.37E+12,7.68E+11,888.382,,777.4822225
1.04E+13,1.03E+12,581.391,,9.26E+12,1.01E+12,771.7957513,756.3598363,7.52E+12,7.86E+11,880.088,,771.7957513
1.06E+13,1.05E+12,577.569,,9.40E+12,1.03E+12,766.2381876,750.9134239,7.66E+12,8.04E+11,872.034,,766.2381876
1.07E+13,1.06E+12,573.822,,9.54E+12,1.05E+12,760.8056546,745.5895415,7.81E+12,8.23E+11,864.208,,760.8056546
1.09E+13,1.08E+12,570.147,,9.68E+12,1.07E+12,755.493306,740.3834399,7.95E+12,8.41E+11,856.601,,755.493306
1.10E+13,1.10E+12,566.542,,9.82E+12,1.09E+12,750.2972651,735.2913198,8.10E+12,8.60E+11,849.202,,750.2972651
1.11E+13,1.11E+12,563.004,,9.96E+12,1.11E+12,745.2117163,730.307482,8.24E+12,8.78E+11,842.001,,745.2117163
1.13E+13,1.13E+12,559.531,,1.01E+13,1.12E+12,740.2347213,725.4300269,8.39E+12,8.97E+11,834.99,,740.2347213
1.14E+13,1.14E+12,556.122,,1.02E+13,1.14E+12,735.3614339,720.6542052,8.53E+12,9.16E+11,828.16,,735.3614339
1.15E+13,1.16E+12,552.775,,1.04E+13,1.16E+12,730.5879771,715.9762176,8.68E+12,9.35E+11,821.504,,730.5879771
1.17E+13,1.18E+12,549.487,,1.05E+13,1.18E+12,725.9114433,711.3932145,8.82E+12,9.54E+11,815.015,,725.9114433
1.18E+13,1.20E+12,546.257,,1.07E+13,1.20E+12,721.3279556,706.9013965,8.97E+12,9.73E+11,808.685,,721.3279556
1.20E+13,1.21E+12,543.084,,1.08E+13,1.22E+12,716.8355755,702.498864,9.11E+12,9.92E+11,802.509,,716.8355755
1.21E+13,1.23E+12,539.965,,1.10E+13,1.24E+12,712.4313953,698.1827674,9.26E+12,1.01E+12,796.479,,712.4313953
1.22E+13,1.25E+12,536.899,,1.11E+13,1.26E+12,708.1105688,693.9483574,9.40E+12,1.03E+12,790.591,,708.1105688
1.24E+13,1.26E+12,533.885,,1.12E+13,1.28E+12,703.8721269,689.7946844,9.54E+12,1.05E+12,784.838,,703.8721269
1.25E+13,1.28E+12,530.921,,1.14E+13,1.30E+12,699.7131618,685.7188986,9.69E+12,1.07E+12,779.216,,699.7131618
1.27E+13,1.30E+12,528.006,,1.15E+13,1.32E+12,695.6317351,681.7191004,9.83E+12,1.09E+12,773.719,,695.6317351
1.28E+13,1.31E+12,525.139,,1.17E+13,1.34E+12,691.6239699,677.7914905,9.98E+12,1.11E+12,768.344,,691.6239699
1.29E+13,1.33E+12,522.318,,1.18E+13,1.36E+12,687.6888969,673.935119,1.01E+13,1.13E+12,763.085,,687.6888969
1.31E+13,1.35E+12,519.541,,1.19E+13,1.38E+12,683.8236085,670.1471363,1.03E+13,1.15E+12,757.938,,683.8236085
1.32E+13,1.37E+12,516.809,,1.21E+13,1.40E+12,680.0261661,666.4256428,1.04E+13,1.17E+12,752.9,,680.0261661
1.33E+13,1.38E+12,514.119,,1.22E+13,1.42E+12,676.2956006,662.7696886,1.06E+13,1.19E+12,747.966,,676.2956006
1.35E+13,1.40E+12,511.471,,1.24E+13,1.44E+12,672.6290043,659.1764242,1.07E+13,1.21E+12,743.134,,672.6290043
1.36E+13,1.42E+12,508.863,,1.25E+13,1.46E+12,669.0234694,655.643,1.08E+13,1.23E+12,738.399,,669.0234694
1.38E+13,1.43E+12,506.295,,1.26E+13,1.48E+12,665.4799653,652.170366,1.10E+13,1.25E+12,733.758,,665.4799653
1.39E+13,1.45E+12,503.765,,1.28E+13,1.50E+12,661.9946149,648.7547226,1.11E+13,1.27E+12,729.209,,661.9946149
1.40E+13,1.47E+12,501.273,,1.29E+13,1.52E+12,658.5674184,645.39607,1.13E+13,1.29E+12,724.748,,658.5674184
1.42E+13,1.49E+12,498.817,,1.31E+13,1.54E+12,655.1944987,642.0906087,1.14E+13,1.31E+12,720.372,,655.1944987
1.43E+13,1.50E+12,496.397,,1.32E+13,1.56E+12,651.876825,638.8392885,1.16E+13,1.33E+12,716.079,,651.876825
1.45E+13,1.52E+12,494.012,,1.33E+13,1.58E+12,648.6114898,635.6392601,1.17E+13,1.35E+12,711.865,,648.6114898
1.46E+13,1.54E+12,491.661,,1.35E+13,1.60E+12,645.3975238,632.4895734,1.19E+13,1.37E+12,707.73,,645.3975238
1.47E+13,1.56E+12,489.343,,1.36E+13,1.62E+12,642.2329885,629.3883288,1.20E+13,1.39E+12,703.67,,642.2329885
1.49E+13,1.80E+12,635.896,,1.38E+13,1.64E+12,639.117884,626.3355263,1.21E+13,1.41E+12,699.682,,639.117884
1.50E+13,1.82E+12,633.124,,1.39E+13,1.66E+12,636.0493024,623.3283164,1.23E+13,1.43E+12,695.766,,636.0493024
1.51E+13,1.84E+12,630.39,,1.41E+13,1.68E+12,633.0282131,620.3676489,1.24E+13,1.45E+12,691.918,,633.0282131
1.53E+13,1.86E+12,627.693,,1.42E+13,1.70E+12,630.0517084,617.4506742,1.26E+13,1.47E+12,688.137,,630.0517084
1.54E+13,1.88E+12,625.032,,1.43E+13,1.72E+12,627.118819,614.5764427,1.27E+13,1.49E+12,684.42,,627.118819
1.56E+13,1.90E+12,622.407,,1.45E+13,1.74E+12,624.2285758,611.7440043,1.29E+13,1.51E+12,680.767,,624.2285758
1.57E+13,1.92E+12,619.816,,1.46E+13,1.76E+12,621.3809786,608.953359,1.30E+13,1.53E+12,677.174,,621.3809786
1.58E+13,1.94E+12,617.26,,1.48E+13,1.78E+12,618.5731199,606.2016575,1.32E+13,1.55E+12,673.641,,618.5731199
1.60E+13,1.96E+12,614.736,,1.49E+13,1.80E+12,615.8059688,603.4898494,1.33E+13,1.57E+12,670.166,,615.8059688
1.61E+13,1.98E+12,612.245,,1.50E+13,1.82E+12,613.0775869,600.8160352,1.35E+13,1.59E+12,666.747,,613.0775869
1.63E+13,2.00E+12,609.786,,1.52E+13,1.84E+12,610.387005,598.1792649,1.36E+13,1.61E+12,663.383,,610.387005
1.64E+13,2.02E+12,607.357,,1.53E+13,1.86E+12,607.7332538,595.5785887,1.37E+13,1.63E+12,660.072,,607.7332538
1.65E+13,2.04E+12,604.959,,1.55E+13,1.89E+12,605.1163333,593.0140067,1.39E+13,1.65E+12,656.813,,605.1163333
1.67E+13,2.07E+12,602.591,,1.56E+13,1.91E+12,602.5352744,590.4845689,1.40E+13,1.68E+12,653.604,,602.5352744
1.68E+13,2.09E+12,600.252,,1.57E+13,1.93E+12,599.9881385,587.9883757,1.42E+13,1.70E+12,650.445,,599.9881385
1.69E+13,2.11E+12,597.942,,1.59E+13,1.95E+12,597.4749256,585.5254271,1.43E+13,1.72E+12,647.333,,597.4749256
1.71E+13,2.13E+12,595.66,,1.60E+13,1.97E+12,594.9946665,583.0947732,1.45E+13,1.74E+12,644.269,,594.9946665
1.72E+13,2.15E+12,593.405,,1.62E+13,1.99E+12,592.5463921,580.6954642,1.46E+13,1.76E+12,641.249,,592.5463921
1.74E+13,2.17E+12,591.177,,1.63E+13,2.01E+12,590.1301022,578.3275001,1.48E+13,1.78E+12,638.274,,590.1301022
1.75E+13,2.19E+12,588.975,,1.64E+13,2.03E+12,587.7457969,575.9908809,1.49E+13,1.80E+12,635.343,,587.7457969
1.76E+13,2.21E+12,586.799,,1.66E+13,2.05E+12,585.3905685,573.6827571,1.50E+13,1.82E+12,632.454,,585.3905685
1.78E+13,2.23E+12,584.648,,1.67E+13,2.07E+12,583.0653862,571.4040784,1.52E+13,1.84E+12,629.606,,583.0653862
1.79E+13,2.25E+12,582.523,,1.69E+13,2.10E+12,580.7692808,569.1538952,1.53E+13,1.87E+12,626.799,,580.7692808
1.81E+13,2.28E+12,580.421,,1.70E+13,2.12E+12,578.5022523,566.9322072,1.55E+13,1.89E+12,624.03,,578.5022523
1.82E+13,2.30E+12,578.343,,1.72E+13,2.14E+12,576.2623622,564.737115,1.56E+13,1.91E+12,621.3,,576.2623622
1.83E+13,2.32E+12,576.289,,1.73E+13,2.16E+12,574.0496106,562.5686184,1.58E+13,1.93E+12,618.608,,574.0496106
1.85E+13,2.34E+12,574.258,,1.74E+13,2.18E+12,571.8639974,560.4267174,1.59E+13,1.95E+12,615.953,,571.8639974
1.86E+13,2.36E+12,572.249,,1.76E+13,2.20E+12,569.7045534,558.3104623,1.61E+13,1.97E+12,613.333,,569.7045534
1.87E+13,2.38E+12,570.263,,1.77E+13,2.22E+12,567.5703094,556.2189032,1.62E+13,2.00E+12,610.748,,567.5703094
1.89E+13,2.40E+12,568.298,,1.79E+13,2.25E+12,565.4622345,554.1529898,1.63E+13,2.02E+12,608.197,,565.4622345
1.90E+13,2.42E+12,566.355,,1.80E+13,2.27E+12,563.3774212,552.1098728,1.65E+13,2.04E+12,605.68,,563.3774212
1.92E+13,2.45E+12,564.432,,1.81E+13,2.29E+12,561.3178079,550.0914518,1.66E+13,2.06E+12,603.196,,561.3178079
1.93E+13,2.47E+12,562.53,,1.83E+13,2.31E+12,559.2814561,548.095827,1.68E+13,2.08E+12,600.744,,559.2814561
1.94E+13,2.49E+12,560.648,,1.84E+13,2.33E+12,557.2683658,546.1229985,1.69E+13,2.10E+12,598.323,,557.2683658
1.96E+13,2.51E+12,558.786,,1.86E+13,2.35E+12,555.278537,544.1729663,1.71E+13,2.13E+12,595.933,,555.278537
1.97E+13,2.53E+12,556.944,,1.87E+13,2.38E+12,553.3110005,542.2447805,1.72E+13,2.15E+12,593.573,,553.3110005
1.99E+13,2.55E+12,555.12,,1.88E+13,2.40E+12,551.3657563,540.3384412,1.74E+13,2.17E+12,591.242,,551.3657563
2.00E+13,2.58E+12,553.316,,1.90E+13,2.42E+12,549.4408659,538.4520486,1.75E+13,2.19E+12,588.94,,549.4408659
2.01E+13,2.60E+12,551.53,,1.91E+13,2.44E+12,547.5382678,536.5875025,1.76E+13,2.21E+12,586.666,,547.5382678
2.03E+13,2.62E+12,549.762,,1.93E+13,2.46E+12,545.6560236,534.7429031,1.78E+13,2.24E+12,584.42,,545.6560236
2.04E+13,2.64E+12,548.012,,1.94E+13,2.48E+12,543.7941331,532.9182505,1.79E+13,2.26E+12,582.201,,543.7941331
2.05E+13,2.66E+12,546.28,,1.95E+13,2.51E+12,541.9516273,531.1125947,1.81E+13,2.28E+12,580.009,,541.9516273
2.07E+13,2.68E+12,544.565,,1.97E+13,2.53E+12,540.1294753,529.3268857,1.82E+13,2.30E+12,577.842,,540.1294753
2.08E+13,2.71E+12,542.866,,1.98E+13,2.55E+12,538.3267078,527.5601737,1.84E+13,2.32E+12,575.701,,538.3267078
2.10E+13,2.73E+12,541.185,,2.00E+13,2.57E+12,536.5423558,525.8115086,1.85E+13,2.35E+12,573.585,,536.5423558
2.11E+13,2.75E+12,539.52,,2.01E+13,2.59E+12,534.7773883,524.0818405,1.87E+13,2.37E+12,571.494,,534.7773883
2.12E+13,2.77E+12,537.871,,2.03E+13,2.62E+12,533.0308362,522.3702195,1.88E+13,2.39E+12,569.426,,533.0308362
2.14E+13,2.79E+12,536.238,,2.04E+13,2.64E+12,531.3017302,520.6756956,1.89E+13,2.41E+12,567.382,,531.3017302
2.15E+13,2.82E+12,534.621,,2.05E+13,2.66E+12,529.5900704,518.998269,1.91E+13,2.44E+12,565.361,,529.5900704
2.17E+13,2.84E+12,533.019,,2.07E+13,2.68E+12,527.8958567,517.3379396,1.92E+13,2.46E+12,563.363,,527.8958567
2.18E+13,2.86E+12,531.432,,2.08E+13,2.71E+12,526.2190892,515.6947074,1.94E+13,2.48E+12,561.387,,526.2190892
2.19E+13,2.88E+12,529.86,,2.10E+13,2.73E+12,524.5597677,514.0685724,1.95E+13,2.50E+12,559.433,,524.5597677
2.21E+13,2.90E+12,528.303,,2.11E+13,2.75E+12,522.915954,512.4576349,1.97E+13,2.53E+12,557.5,,522.915954
2.22E+13,2.93E+12,526.76,,2.12E+13,2.77E+12,521.2886172,510.8628448,1.98E+13,2.55E+12,555.588,,521.2886172
2.23E+13,2.95E+12,525.231,,2.14E+13,2.79E+12,519.676788,509.2832523,2.00E+13,2.57E+12,553.697,,519.676788
2.25E+13,2.97E+12,523.716,,2.15E+13,2.82E+12,518.0814358,507.719807,2.01E+13,2.59E+12,551.826,,518.0814358
2.26E+13,2.99E+12,522.216,,2.17E+13,2.84E+12,516.500622,506.1706095,2.03E+13,2.62E+12,549.976,,516.500622
2.28E+13,3.01E+12,520.728,,2.18E+13,2.86E+12,514.9362851,504.6375594,2.04E+13,2.64E+12,548.144,,514.9362851
2.29E+13,3.04E+12,519.254,,2.19E+13,2.88E+12,513.3855174,503.117807,2.05E+13,2.66E+12,546.332,,513.3855174
2.30E+13,3.06E+12,517.794,,2.21E+13,2.91E+12,511.8502574,501.6132522,2.07E+13,2.68E+12,544.539,,511.8502574
2.32E+13,3.08E+12,516.346,,2.22E+13,2.93E+12,510.3295358,500.1229451,2.08E+13,2.71E+12,542.764,,510.3295358
2.33E+13,3.10E+12,514.911,,2.24E+13,2.95E+12,508.8233527,498.6468857,2.10E+13,2.73E+12,541.008,,508.8233527
2.35E+13,3.13E+12,513.488,,2.25E+13,2.97E+12,507.3307388,497.184124,2.11E+13,2.75E+12,539.27,,507.3307388
2.36E+13,3.15E+12,512.078,,2.26E+13,3.00E+12,505.8516941,495.7346603,2.13E+13,2.78E+12,537.549,,505.8516941
2.37E+13,3.17E+12,510.681,,2.28E+13,3.02E+12,504.3862187,494.2984943,2.14E+13,2.80E+12,535.845,,504.3862187
2.39E+13,3.19E+12,509.295,,2.29E+13,3.04E+12,502.9352817,492.876576,2.16E+13,2.82E+12,534.159,,502.9352817
2.40E+13,3.22E+12,507.921,,2.31E+13,3.07E+12,501.4959754,491.4660559,2.17E+13,2.85E+12,532.489,,501.4959754
2.41E+13,3.24E+12,506.559,,2.32E+13,3.09E+12,500.0702384,490.0688336,2.18E+13,2.87E+12,530.835,,500.0702384
2.43E+13,3.26E+12,505.208,,2.34E+13,3.11E+12,498.6580706,488.6849092,2.20E+13,2.89E+12,529.198,,498.6580706
2.44E+13,3.28E+12,503.869,,2.35E+13,3.13E+12,497.2575335,487.3123828,2.21E+13,2.91E+12,527.577,,497.2575335
2.46E+13,3.31E+12,502.541,,2.36E+13,3.16E+12,495.8695964,485.9522045,2.23E+13,2.94E+12,525.971,,495.8695964
2.47E+13,3.33E+12,501.224,,2.38E+13,3.18E+12,494.4942594,484.6043742,2.24E+13,2.96E+12,524.381,,494.4942594
2.48E+13,3.35E+12,499.917,,2.39E+13,3.20E+12,493.130553,483.267942,2.26E+13,2.98E+12,522.806,,493.130553
2.50E+13,3.37E+12,498.622,,2.41E+13,3.23E+12,491.7784775,481.9429079,2.27E+13,3.01E+12,521.246,,491.7784775
2.51E+13,3.40E+12,497.337,,2.42E+13,3.25E+12,490.4390019,480.6302218,2.29E+13,3.03E+12,519.701,,490.4390019
2.53E+13,3.42E+12,496.063,,2.43E+13,3.27E+12,489.1101878,479.3279841,2.30E+13,3.05E+12,518.17,,489.1101878
2.54E+13,3.44E+12,494.799,,2.45E+13,3.29E+12,487.7930045,478.0371444,2.31E+13,3.08E+12,516.653,,487.7930045
2.55E+13,3.47E+12,493.545,,2.46E+13,3.32E+12,486.487452,476.7577029,2.33E+13,3.10E+12,515.15,,486.487452
2.57E+13,3.49E+12,492.301,,2.48E+13,3.34E+12,485.192561,475.4887097,2.34E+13,3.12E+12,513.661,,485.192561
2.58E+13,3.51E+12,491.067,,2.49E+13,3.36E+12,483.9083315,474.2301648,2.36E+13,3.15E+12,512.186,,483.9083315
2.59E+13,3.53E+12,489.843,,2.50E+13,3.39E+12,482.6357327,472.9830181,2.37E+13,3.17E+12,510.724,,482.6357327
2.61E+13,3.56E+12,488.629,,2.52E+13,3.41E+12,481.3728263,471.7453698,2.39E+13,3.19E+12,509.275,,481.3728263
2.62E+13,3.58E+12,487.423,,2.53E+13,3.43E+12,480.1205814,470.5181698,2.40E+13,3.22E+12,507.839,,480.1205814
2.64E+13,3.60E+12,486.228,,2.55E+13,3.46E+12,478.8780288,469.3004682,2.42E+13,3.24E+12,506.416,,478.8780288
2.65E+13,3.63E+12,485.042,,2.56E+13,3.48E+12,477.6461377,468.093215,2.43E+13,3.26E+12,505.006,,477.6461377
2.66E+13,3.65E+12,483.864,,2.58E+13,3.50E+12,476.4249082,466.89641,2.44E+13,3.29E+12,503.608,,476.4249082
2.68E+13,3.67E+12,482.696,,2.59E+13,3.53E+12,475.2124017,465.7081537,2.46E+13,3.31E+12,502.222,,475.2124017
2.69E+13,3.70E+12,481.537,,2.60E+13,3.55E+12,474.0105568,464.5303456,2.47E+13,3.34E+12,500.848,,474.0105568
2.71E+13,3.72E+12,480.386,,2.62E+13,3.57E+12,472.8174349,463.3610862,2.49E+13,3.36E+12,499.486,,472.8174349
2.72E+13,3.74E+12,479.245,,2.63E+13,3.60E+12,471.6349745,462.202275,2.50E+13,3.38E+12,498.136,,471.6349745
2.73E+13,3.76E+12,478.111,,2.65E+13,3.62E+12,470.4612372,461.0520125,2.52E+13,3.41E+12,496.797,,470.4612372
2.75E+13,3.79E+12,476.987,,2.66E+13,3.64E+12,469.296223,459.9102986,2.53E+13,3.43E+12,495.47,,469.296223
2.76E+13,3.81E+12,475.87,,2.67E+13,3.67E+12,468.1409011,458.7780831,2.55E+13,3.45E+12,494.154,,468.1409011
2.77E+13,3.83E+12,474.762,,2.69E+13,3.69E+12,466.9943022,457.6544162,2.56E+13,3.48E+12,492.848,,466.9943022
2.79E+13,3.86E+12,473.662,,2.70E+13,3.71E+12,465.8564265,456.5392979,2.57E+13,3.50E+12,491.554,,465.8564265
2.80E+13,3.88E+12,472.57,,2.72E+13,3.74E+12,464.7272737,455.4327283,2.59E+13,3.53E+12,490.271,,464.7272737
2.82E+13,3.90E+12,471.486,,2.73E+13,3.76E+12,463.6078133,454.335657,2.60E+13,3.55E+12,488.998,,463.6078133
2.83E+13,3.93E+12,470.41,,2.74E+13,3.78E+12,462.4961067,453.2461846,2.62E+13,3.57E+12,487.735,,462.4961067
2.84E+13,3.95E+12,469.341,,2.76E+13,3.81E+12,461.3931232,452.1652608,2.63E+13,3.60E+12,486.483,,461.3931232
2.86E+13,3.97E+12,468.281,,2.77E+13,3.83E+12,460.2978935,451.0919357,2.65E+13,3.62E+12,485.241,,460.2978935
2.87E+13,4.00E+12,467.228,,2.79E+13,3.85E+12,459.2113869,450.0271592,2.66E+13,3.65E+12,484.009,,459.2113869
2.88E+13,4.02E+12,466.182,,2.80E+13,3.88E+12,458.1326342,448.9699815,2.68E+13,3.67E+12,482.786,,458.1326342
2.90E+13,4.04E+12,465.144,,2.81E+13,3.90E+12,457.0616352,447.9204025,2.69E+13,3.69E+12,481.574,,457.0616352
2.91E+13,4.07E+12,464.113,,2.83E+13,3.93E+12,455.9993594,446.8793722,2.71E+13,3.72E+12,480.371,,455.9993594
2.93E+13,4.09E+12,463.089,,2.84E+13,3.95E+12,454.9438681,445.8449908,2.72E+13,3.74E+12,479.178,,454.9438681
2.94E+13,4.11E+12,462.072,,2.86E+13,3.97E+12,453.8970999,444.8191579,2.73E+13,3.77E+12,477.994,,453.8970999
2.95E+13,4.14E+12,461.063,,2.87E+13,4.00E+12,452.8571164,443.799974,2.75E+13,3.79E+12,476.819,,452.8571164
2.97E+13,4.16E+12,460.06,,2.89E+13,4.02E+12,451.8248866,442.7883889,2.76E+13,3.82E+12,475.653,,451.8248866
2.98E+13,4.19E+12,459.065,,2.90E+13,4.04E+12,450.8004107,441.7844025,2.78E+13,3.84E+12,474.497,,450.8004107
3.00E+13,4.21E+12,458.076,,2.91E+13,4.07E+12,449.7836887,440.7880149,2.79E+13,3.86E+12,473.349,,449.7836887
3.01E+13,4.23E+12,457.094,,2.93E+13,4.09E+12,448.772782,439.7973264,2.81E+13,3.89E+12,472.21,,448.772782
3.02E+13,4.26E+12,456.118,,2.94E+13,4.12E+12,447.7705984,438.8151864,2.82E+13,3.91E+12,471.08,,447.7705984
3.04E+13,4.28E+12,455.149,,2.96E+13,4.14E+12,446.7742301,437.8387455,2.84E+13,3.94E+12,469.958,,446.7742301
3.05E+13,4.30E+12,454.187,,2.97E+13,4.16E+12,445.7856158,436.8699034,2.85E+13,3.96E+12,468.845,,445.7856158
3.06E+13,4.33E+12,453.231,,2.98E+13,4.19E+12,444.803786,435.9077102,2.86E+13,3.99E+12,467.74,,444.803786
3.08E+13,4.35E+12,452.281,,3.00E+13,4.21E+12,443.8287408,434.952166,2.88E+13,4.01E+12,466.643,,443.8287408
3.09E+13,4.37E+12,451.338,,3.01E+13,4.24E+12,442.8604802,434.0032706,2.89E+13,4.03E+12,465.554,,442.8604802
3.11E+13,4.40E+12,450.401,,3.03E+13,4.26E+12,441.8990043,433.0610242,2.91E+13,4.06E+12,464.474,,441.8990043
3.12E+13,4.42E+12,449.47,,3.04E+13,4.28E+12,440.9443129,432.1254266,2.92E+13,4.08E+12,463.401,,440.9443129
3.13E+13,4.45E+12,448.545,,3.05E+13,4.31E+12,439.9954369,431.1955282,2.94E+13,4.11E+12,462.336,,439.9954369
3.15E+13,4.47E+12,447.626,,3.07E+13,4.33E+12,439.0533456,430.2722787,2.95E+13,4.13E+12,461.279,,439.0533456
3.16E+13,4.49E+12,446.714,,3.08E+13,4.36E+12,438.1180388,429.355678,2.97E+13,4.16E+12,460.23,,438.1180388
3.18E+13,4.52E+12,445.807,,3.10E+13,4.38E+12,437.1885474,428.4447765,2.98E+13,4.18E+12,459.188,,437.1885474
3.19E+13,4.54E+12,444.905,,3.11E+13,4.41E+12,436.2658407,427.5405238,2.99E+13,4.21E+12,458.153,,436.2658407
3.20E+13,4.57E+12,444.01,,3.12E+13,4.43E+12,435.34798,426.6410204,3.01E+13,4.23E+12,457.126,,435.34798
3.22E+13,4.59E+12,443.12,,3.14E+13,4.45E+12,434.4378733,425.7491158,3.02E+13,4.26E+12,456.106,,434.4378733
3.23E+13,4.61E+12,442.236,,3.15E+13,4.48E+12,433.5326126,424.8619604,3.04E+13,4.28E+12,455.093,,433.5326126
3.24E+13,4.64E+12,441.358,,3.17E+13,4.50E+12,432.6341366,423.9814539,3.05E+13,4.31E+12,454.088,,432.6341366
3.26E+13,4.66E+12,440.485,,3.18E+13,4.53E+12,431.7405067,423.1056966,3.07E+13,4.33E+12,453.09,,431.7405067
3.27E+13,4.69E+12,439.617,,3.20E+13,4.55E+12,430.8536615,422.2365882,3.08E+13,4.36E+12,452.098,,430.8536615
3.29E+13,4.71E+12,438.755,,3.21E+13,4.58E+12,429.9726316,421.3731789,3.10E+13,4.38E+12,451.113,,429.9726316
3.30E+13,4.73E+12,437.898,,3.22E+13,4.60E+12,429.0964478,420.5145189,3.11E+13,4.41E+12,450.135,,429.0964478
3.31E+13,4.76E+12,437.047,,3.24E+13,4.62E+12,428.2260795,419.6615579,3.12E+13,4.43E+12,449.164,,428.2260795
3.33E+13,4.78E+12,436.201,,3.25E+13,4.65E+12,427.3615265,418.814296,3.14E+13,4.45E+12,448.199,,427.3615265
3.34E+13,4.81E+12,435.36,,3.27E+13,4.67E+12,426.5027889,417.9727331,3.15E+13,4.48E+12,447.241,,426.5027889
3.36E+13,4.83E+12,434.524,,3.28E+13,4.70E+12,425.6498667,417.1368693,3.17E+13,4.50E+12,446.29,,425.6498667
3.37E+13,4.85E+12,433.693,,3.29E+13,4.72E+12,424.8017906,416.3057548,3.18E+13,4.53E+12,445.344,,424.8017906
3.38E+13,4.88E+12,432.867,,3.31E+13,4.75E+12,423.9585607,415.4793894,3.20E+13,4.55E+12,444.406,,423.9585607
3.40E+13,4.90E+12,432.046,,3.32E+13,4.77E+12,423.1211461,414.6587232,3.21E+13,4.58E+12,443.473,,423.1211461
3.41E+13,4.93E+12,431.23,,3.34E+13,4.80E+12,422.2885777,413.8428062,3.23E+13,4.60E+12,442.547,,422.2885777
3.42E+13,4.95E+12,430.419,,3.35E+13,4.82E+12,421.4618247,413.0325882,3.24E+13,4.63E+12,441.626,,421.4618247
3.44E+13,4.98E+12,429.613,,3.36E+13,4.85E+12,420.6399178,412.2271195,3.26E+13,4.66E+12,440.712,,420.6399178
3.45E+13,5.00E+12,428.811,,3.38E+13,4.87E+12,419.8228571,411.4264,3.27E+13,4.68E+12,439.804,,419.8228571
3.47E+13,5.02E+12,428.015,,3.39E+13,4.89E+12,419.0116118,410.6313795,3.28E+13,4.71E+12,438.901,,419.0116118
3.48E+13,5.05E+12,427.223,,3.41E+13,4.92E+12,418.2042433,409.8401585,3.30E+13,4.73E+12,438.005,,418.2042433
3.49E+13,5.07E+12,426.435,,3.42E+13,4.94E+12,417.4026903,409.0546365,3.31E+13,4.76E+12,437.114,,417.4026903
3.51E+13,5.10E+12,425.652,,3.43E+13,4.97E+12,416.6050142,408.2729139,3.33E+13,4.78E+12,436.229,,416.6050142
3.52E+13,5.12E+12,424.874,,3.45E+13,4.99E+12,415.8131534,407.4968903,3.34E+13,4.81E+12,435.35,,415.8131534
3.54E+13,5.15E+12,424.1,,3.46E+13,5.02E+12,415.0251696,406.7246662,3.36E+13,4.83E+12,434.476,,415.0251696
3.55E+13,5.17E+12,423.331,,3.48E+13,5.04E+12,414.2430011,405.9581411,3.37E+13,4.86E+12,433.608,,414.2430011
3.56E+13,5.19E+12,422.566,,3.49E+13,5.07E+12,413.4647096,405.1954154,3.39E+13,4.88E+12,432.745,,413.4647096
3.58E+13,5.22E+12,421.806,,3.51E+13,5.09E+12,412.6912642,404.4374389,3.40E+13,4.91E+12,431.888,,412.6912642
3.59E+13,5.24E+12,421.049,,3.52E+13,5.12E+12,411.9216958,403.6832619,3.41E+13,4.93E+12,431.036,,411.9216958
3.60E+13,5.27E+12,420.298,,3.53E+13,5.14E+12,411.1579427,402.9347838,3.43E+13,4.96E+12,430.19,,411.1579427
3.62E+13,5.29E+12,419.55,,3.55E+13,5.17E+12,410.3980665,402.1901052,3.44E+13,4.98E+12,429.348,,410.3980665
3.63E+13,5.32E+12,418.807,,3.56E+13,5.19E+12,409.6420673,401.4492259,3.46E+13,5.01E+12,428.512,,409.6420673
3.65E+13,5.34E+12,418.067,,3.58E+13,5.22E+12,408.8909142,400.7130959,3.47E+13,5.03E+12,427.681,,408.8909142
3.66E+13,5.37E+12,417.332,,3.59E+13,5.24E+12,408.1446072,399.9817151,3.49E+13,5.06E+12,426.856,,408.1446072
3.67E+13,5.39E+12,416.601,,3.60E+13,5.27E+12,407.4021772,399.2541337,3.50E+13,5.09E+12,426.035,,407.4021772
3.69E+13,5.42E+12,415.874,,3.62E+13,5.29E+12,406.6636241,398.5303516,3.52E+13,5.11E+12,425.219,,406.6636241
3.70E+13,5.44E+12,415.151,,3.63E+13,5.32E+12,405.9299171,397.8113188,3.53E+13,5.14E+12,424.408,,405.9299171
3.72E+13,5.47E+12,414.432,,3.65E+13,5.34E+12,405.2000871,397.0960854,3.54E+13,5.16E+12,423.602,,405.2000871
3.73E+13,5.49E+12,413.717,,3.66E+13,5.37E+12,404.4751032,396.3856012,3.56E+13,5.19E+12,422.801,,404.4751032
3.74E+13,5.51E+12,413.006,,3.67E+13,5.39E+12,403.753027,395.6779665,3.57E+13,5.21E+12,422.005,,403.753027
3.76E+13,5.54E+12,412.299,,3.69E+13,5.42E+12,403.035797,394.975081,3.59E+13,5.24E+12,421.213,,403.035797
3.77E+13,5.56E+12,411.595,,3.70E+13,5.44E+12,402.3224438,394.275995,3.60E+13,5.26E+12,420.426,,402.3224438
3.78E+13,5.59E+12,410.895,,3.72E+13,5.47E+12,401.6129676,393.5807083,3.62E+13,5.29E+12,419.644,,401.6129676
3.80E+13,5.61E+12,410.2,,3.73E+13,5.49E+12,400.9083376,392.8901708,3.63E+13,5.32E+12,418.866,,400.9083376
3.81E+13,5.64E+12,409.507,,3.74E+13,5.52E+12,400.2066152,392.2024829,3.65E+13,5.34E+12,418.093,,400.2066152
3.83E+13,5.66E+12,408.819,,3.76E+13,5.54E+12,399.5087697,391.5185943,3.66E+13,5.37E+12,417.324,,399.5087697
3.84E+13,5.69E+12,408.134,,3.77E+13,5.57E+12,398.8148012,390.8385052,3.67E+13,5.39E+12,416.56,,398.8148012
3.85E+13,5.71E+12,407.453,,3.79E+13,5.59E+12,398.1256788,390.1631652,3.69E+13,5.42E+12,415.801,,398.1256788
3.87E+13,5.74E+12,406.775,,3.80E+13,5.62E+12,397.4394641,389.4906748,3.70E+13,5.44E+12,415.045,,397.4394641
3.88E+13,5.76E+12,406.101,,3.82E+13,5.64E+12,396.7561571,388.8210339,3.72E+13,5.47E+12,414.294,,396.7561571
3.90E+13,5.79E+12,405.431,,3.83E+13,5.67E+12,396.0776962,388.1561423,3.73E+13,5.50E+12,413.548,,396.0776962
3.91E+13,5.81E+12,404.764,,3.84E+13,5.70E+12,395.4031123,387.49505,3.75E+13,5.52E+12,412.805,,395.4031123
3.92E+13,5.84E+12,404.1,,3.86E+13,5.72E+12,394.731436,386.8368073,3.76E+13,5.55E+12,412.067,,394.731436
3.94E+13,5.86E+12,403.44,,3.87E+13,5.75E+12,394.0636367,386.182364,3.78E+13,5.57E+12,411.333,,394.0636367
3.95E+13,5.89E+12,402.784,,3.89E+13,5.77E+12,393.3997143,385.53172,3.79E+13,5.60E+12,410.603,,393.3997143
3.96E+13,5.91E+12,402.13,,3.90E+13,5.80E+12,392.7386996,384.8839256,3.80E+13,5.63E+12,409.877,,392.7386996
3.98E+13,5.94E+12,401.48,,3.91E+13,5.82E+12,392.0815618,384.2399305,3.82E+13,5.65E+12,409.156,,392.0815618
3.99E+13,5.96E+12,400.834,,3.93E+13,5.85E+12,391.4283009,383.5997349,3.83E+13,5.68E+12,408.438,,391.4283009
4.01E+13,5.99E+12,400.191,,3.94E+13,5.87E+12,390.7779477,382.9623887,3.85E+13,5.70E+12,407.724,,390.7779477
4.02E+13,6.01E+12,399.551,,3.96E+13,5.90E+12,390.1314714,382.328842,3.86E+13,5.73E+12,407.015,,390.1314714
4.03E+13,6.04E+12,398.914,,3.97E+13,5.92E+12,389.4879028,381.6981448,3.88E+13,5.76E+12,406.309,,389.4879028
4.05E+13,6.06E+12,398.28,,3.98E+13,5.95E+12,388.8472419,381.0702971,3.89E+13,5.78E+12,405.607,,388.8472419
4.06E+13,6.09E+12,397.65,,4.00E+13,5.97E+12,388.2114272,380.4471986,3.91E+13,5.81E+12,404.909,,388.2114272
4.08E+13,6.11E+12,397.023,,4.01E+13,6.00E+12,387.5775509,379.8259999,3.92E+13,5.83E+12,404.214,,387.5775509
4.09E+13,6.14E+12,396.399,,4.03E+13,6.03E+12,386.9475515,379.2086005,3.94E+13,5.86E+12,403.524,,386.9475515
4.10E+13,6.16E+12,395.777,,4.04E+13,6.05E+12,386.3204598,378.5940506,3.95E+13,5.89E+12,402.837,,386.3204598
4.12E+13,6.19E+12,395.16,,4.05E+13,6.08E+12,385.6972451,377.9833002,3.96E+13,5.91E+12,402.154,,385.6972451
4.13E+13,6.22E+12,394.545,,4.07E+13,6.10E+12,385.0759688,377.3744494,3.98E+13,5.94E+12,401.474,,385.0759688
4.14E+13,6.24E+12,393.933,,4.08E+13,6.13E+12,384.4585694,376.769398,3.99E+13,5.96E+12,400.798,,384.4585694
4.16E+13,6.27E+12,393.324,,4.10E+13,6.15E+12,383.8450469,376.168146,4.01E+13,5.99E+12,400.126,,383.8450469
4.17E+13,6.29E+12,392.718,,4.11E+13,6.18E+12,383.2334629,375.5687937,4.02E+13,6.02E+12,399.457,,383.2334629
4.19E+13,6.32E+12,392.115,,4.13E+13,6.21E+12,382.6257558,374.9732407,4.04E+13,6.04E+12,398.792,,382.6257558
4.20E+13,6.34E+12,391.515,,4.14E+13,6.23E+12,382.0209564,374.3805373,4.05E+13,6.07E+12,398.131,,382.0209564
4.21E+13,6.37E+12,390.918,,4.15E+13,6.26E+12,381.4190647,373.7906834,4.07E+13,6.10E+12,397.473,,381.4190647
4.23E+13,6.39E+12,390.324,,4.17E+13,6.28E+12,380.8200807,373.2036791,4.08E+13,6.12E+12,396.818,,380.8200807
4.24E+13,6.42E+12,389.733,,4.18E+13,6.31E+12,380.2240044,372.6195243,4.09E+13,6.15E+12,396.167,,380.2240044
4.26E+13,6.44E+12,389.144,,4.20E+13,6.33E+12,379.6308358,372.038219,4.11E+13,6.18E+12,395.519,,379.6308358
4.27E+13,6.47E+12,388.559,,4.21E+13,6.36E+12,379.0405748,371.4597633,4.12E+13,6.20E+12,394.874,,379.0405748
4.28E+13,6.49E+12,387.976,,4.22E+13,6.39E+12,378.4532215,370.8841571,4.14E+13,6.23E+12,394.233,,378.4532215
4.30E+13,6.52E+12,387.396,,4.24E+13,6.41E+12,377.868776,370.3114005,4.15E+13,6.25E+12,393.595,,377.868776
4.31E+13,6.54E+12,386.819,,4.25E+13,6.44E+12,377.2882073,369.7424432,4.17E+13,6.28E+12,392.96,,377.2882073
4.32E+13,6.57E+12,386.244,,4.27E+13,6.46E+12,376.7095771,369.1753856,4.18E+13,6.31E+12,392.329,,376.7095771
4.34E+13,6.60E+12,385.672,,4.28E+13,6.49E+12,376.1338546,368.6111775,4.20E+13,6.33E+12,391.701,,376.1338546
4.35E+13,6.62E+12,385.103,,4.29E+13,6.52E+12,375.5600706,368.0488692,4.21E+13,6.36E+12,391.076,,375.5600706
4.37E+13,6.65E+12,384.536,,4.31E+13,6.54E+12,374.9901635,367.4903602,4.22E+13,6.39E+12,390.454,,374.9901635
4.38E+13,6.67E+12,383.972,,4.32E+13,6.57E+12,374.4221948,366.9337509,4.24E+13,6.41E+12,389.835,,374.4221948
4.39E+13,6.70E+12,383.411,,4.34E+13,6.59E+12,373.8581031,366.380941,4.25E+13,6.44E+12,389.219,,373.8581031
4.41E+13,6.72E+12,382.852,,4.35E+13,6.62E+12,373.2959498,365.8300308,4.27E+13,6.47E+12,388.607,,373.2959498
4.42E+13,6.75E+12,382.296,,4.37E+13,6.65E+12,372.7367042,365.2819701,4.28E+13,6.49E+12,387.997,,372.7367042
4.44E+13,6.77E+12,381.742,,4.38E+13,6.67E+12,372.1793971,364.7358091,4.30E+13,6.52E+12,387.391,,372.1793971
4.45E+13,6.80E+12,381.191,,4.39E+13,6.70E+12,371.6249976,364.1924977,4.31E+13,6.55E+12,386.787,,371.6249976
4.46E+13,6.83E+12,380.643,,4.41E+13,6.72E+12,371.0735058,363.6520357,4.33E+13,6.57E+12,386.187,,371.0735058
4.48E+13,6.85E+12,380.097,,4.42E+13,6.75E+12,370.5249218,363.1144233,4.34E+13,6.60E+12,385.589,,370.5249218
4.49E+13,6.88E+12,379.553,,4.44E+13,6.78E+12,369.9782762,362.5787107,4.35E+13,6.63E+12,384.995,,369.9782762
4.50E+13,6.90E+12,379.012,,4.45E+13,6.80E+12,369.4345383,362.0458475,4.37E+13,6.65E+12,384.403,,369.4345383
4.52E+13,6.93E+12,378.473,,4.46E+13,6.83E+12,368.893708,361.5158339,4.38E+13,6.68E+12,383.814,,368.893708
4.53E+13,6.95E+12,377.937,,4.48E+13,6.85E+12,368.3548163,360.9877199,4.40E+13,6.71E+12,383.228,,368.3548163
4.55E+13,6.98E+12,377.403,,4.49E+13,6.88E+12,367.8188322,360.4624555,4.41E+13,6.73E+12,382.645,,367.8188322
4.56E+13,7.01E+12,376.872,,4.51E+13,6.91E+12,367.2847866,359.9390908,4.43E+13,6.76E+12,382.065,,367.2847866
4.57E+13,7.03E+12,376.343,,4.52E+13,6.93E+12,366.7536486,359.4185757,4.44E+13,6.79E+12,381.487,,366.7536486
4.59E+13,7.06E+12,375.816,,4.53E+13,6.96E+12,366.2244492,358.8999602,4.46E+13,6.81E+12,380.912,,366.2244492
4.60E+13,7.08E+12,375.292,,4.55E+13,6.99E+12,365.6981574,358.3841942,4.47E+13,6.84E+12,380.34,,365.6981574
4.61E+13,7.11E+12,374.77,,4.56E+13,7.01E+12,365.1738041,357.870328,4.48E+13,6.87E+12,379.771,,365.1738041
4.63E+13,7.14E+12,374.25,,4.58E+13,7.04E+12,364.6523584,357.3593113,4.50E+13,6.89E+12,379.204,,364.6523584
4.64E+13,7.16E+12,373.733,,4.59E+13,7.06E+12,364.1328513,356.8501942,4.51E+13,6.92E+12,378.64,,364.1328513
4.66E+13,7.19E+12,373.217,,4.60E+13,7.09E+12,363.6162518,356.3439267,4.53E+13,6.95E+12,378.079,,363.6162518
4.67E+13,7.21E+12,372.704,,4.62E+13,7.12E+12,363.1015907,355.8395589,4.54E+13,6.97E+12,377.52,,363.1015907
4.68E+13,7.24E+12,372.194,,4.63E+13,7.14E+12,362.5888682,355.3370908,4.56E+13,7.00E+12,376.964,,362.5888682
4.70E+13,7.27E+12,371.685,,4.65E+13,7.17E+12,362.0790533,354.8374722,4.57E+13,7.03E+12,376.411,,362.0790533
4.71E+13,7.29E+12,371.179,,4.66E+13,7.20E+12,361.5711769,354.3397534,4.59E+13,7.06E+12,375.86,,361.5711769
4.73E+13,7.32E+12,370.675,,4.68E+13,7.22E+12,361.0652389,353.8439342,4.60E+13,7.08E+12,375.312,,361.0652389
4.74E+13,7.34E+12,370.173,,4.69E+13,7.25E+12,360.5622087,353.3509645,4.62E+13,7.11E+12,374.766,,360.5622087
4.75E+13,7.37E+12,369.673,,4.70E+13,7.27E+12,360.0611169,352.8598945,4.63E+13,7.14E+12,374.222,,360.0611169
4.77E+13,7.40E+12,369.175,,4.72E+13,7.30E+12,359.5619635,352.3707242,4.64E+13,7.16E+12,373.682,,359.5619635
4.78E+13,7.42E+12,368.68,,4.73E+13,7.33E+12,359.0657179,351.8844035,4.66E+13,7.19E+12,373.143,,359.0657179
4.79E+13,7.45E+12,368.186,,4.75E+13,7.35E+12,358.5704414,351.3990326,4.67E+13,7.22E+12,372.607,,358.5704414
4.81E+13,7.47E+12,367.695,,4.76E+13,7.38E+12,358.0780727,350.9165112,4.69E+13,7.25E+12,372.074,,358.0780727
4.82E+13,7.50E+12,367.206,,4.77E+13,7.41E+12,357.5886116,350.4368394,4.70E+13,7.27E+12,371.543,,357.5886116
4.84E+13,7.53E+12,366.719,,4.79E+13,7.43E+12,357.1001198,349.9581174,4.72E+13,7.30E+12,371.014,,357.1001198
4.85E+13,7.55E+12,366.234,,4.80E+13,7.46E+12,356.6145357,349.482245,4.73E+13,7.33E+12,370.488,,356.6145357
4.86E+13,7.58E+12,365.75,,4.82E+13,7.49E+12,356.1299208,349.0073224,4.75E+13,7.35E+12,369.964,,356.1299208
4.88E+13,7.60E+12,365.269,,4.83E+13,7.51E+12,355.6482136,348.5352493,4.76E+13,7.38E+12,369.443,,355.6482136
4.89E+13,7.63E+12,364.79,,4.84E+13,7.54E+12,355.1684448,348.0650759,4.77E+13,7.41E+12,368.924,,355.1684448
4.91E+13,7.66E+12,364.313,,4.86E+13,7.57E+12,354.6906145,347.5968022,4.79E+13,7.44E+12,368.407,,354.6906145
4.92E+13,7.68E+12,363.838,,4.87E+13,7.59E+12,354.2156919,347.1313781,4.80E+13,7.46E+12,367.892,,354.2156919
4.93E+13,7.71E+12,363.365,,4.89E+13,7.62E+12,353.7417386,346.6669038,4.82E+13,7.49E+12,367.38,,353.7417386
4.95E+13,7.73E+12,362.894,,4.90E+13,7.65E+12,353.2697237,346.2043292,4.83E+13,7.52E+12,366.87,,353.2697237
4.96E+13,7.76E+12,362.424,,4.91E+13,7.67E+12,352.8006164,345.7446041,4.85E+13,7.54E+12,366.362,,352.8006164
4.97E+13,7.79E+12,361.957,,4.93E+13,7.70E+12,352.3324784,345.2858289,4.86E+13,7.57E+12,365.857,,352.3324784
4.99E+13,7.81E+12,361.491,,4.94E+13,7.73E+12,351.8672481,344.8299032,4.88E+13,7.60E+12,365.353,,351.8672481
5.00E+13,7.84E+12,361.028,,4.96E+13,7.75E+12,351.4029871,344.3749273,4.89E+13,7.63E+12,364.852,,351.4029871
5.02E+13,7.87E+12,360.566,,4.97E+13,7.78E+12,350.9416337,343.922801,4.90E+13,7.65E+12,364.353,,350.9416337
5.03E+13,7.89E+12,360.106,,4.99E+13,7.81E+12,350.4812495,343.4716245,4.92E+13,7.68E+12,363.856,,350.4812495
5.04E+13,7.92E+12,359.649,,5.00E+13,7.83E+12,350.0237731,343.0232976,4.93E+13,7.71E+12,363.361,,350.0237731
5.06E+13,7.95E+12,359.192,,5.01E+13,7.86E+12,349.5672658,342.5759205,4.95E+13,7.74E+12,362.869,,349.5672658
5.07E+13,7.97E+12,358.738,,5.03E+13,7.89E+12,349.112697,342.1304431,4.96E+13,7.76E+12,362.378,,349.112697
5.09E+13,8.00E+12,358.286,,5.04E+13,7.91E+12,348.661036,341.6878152,4.98E+13,7.79E+12,361.89,,348.661036
5.10E+13,8.02E+12,357.835,,5.06E+13,7.94E+12,348.2103441,341.2461372,4.99E+13,7.82E+12,361.404,,348.2103441
5.11E+13,8.05E+12,357.386,,5.07E+13,7.97E+12,347.7615907,340.8063589,5.01E+13,7.85E+12,360.92,,347.7615907
5.13E+13,8.08E+12,356.939,,5.08E+13,7.99E+12,347.3147758,340.3684802,5.02E+13,7.87E+12,360.437,,347.3147758
5.14E+13,8.10E+12,356.494,,5.10E+13,8.02E+12,346.8698993,339.9325013,5.03E+13,7.90E+12,359.957,,346.8698993
5.15E+13,8.13E+12,356.05,,5.11E+13,8.05E+12,346.4269613,339.498422,5.05E+13,7.93E+12,359.479,,346.4269613
5.17E+13,8.16E+12,355.609,,5.13E+13,8.08E+12,345.9849925,339.0652926,5.06E+13,7.96E+12,359.003,,345.9849925
5.18E+13,8.18E+12,355.169,,5.14E+13,8.10E+12,345.5459314,338.6350127,5.08E+13,7.98E+12,358.529,,345.5459314
5.20E+13,8.21E+12,354.73,,5.15E+13,8.13E+12,345.1078395,338.2056827,5.09E+13,8.01E+12,358.057,,345.1078395
5.21E+13,8.24E+12,354.294,,5.17E+13,8.16E+12,344.6716861,337.7782524,5.11E+13,8.04E+12,357.587,,344.6716861
5.22E+13,8.26E+12,353.859,,5.18E+13,8.18E+12,344.2374711,337.3527217,5.12E+13,8.07E+12,357.119,,344.2374711
5.24E+13,8.29E+12,353.426,,5.20E+13,8.21E+12,343.8051947,336.9290908,5.14E+13,8.09E+12,356.653,,343.8051947
5.25E+13,8.32E+12,352.994,,5.21E+13,8.24E+12,343.3738874,336.5064096,5.15E+13,8.12E+12,356.188,,343.3738874
5.27E+13,8.34E+12,352.564,,5.22E+13,8.26E+12,342.9445186,336.0856282,5.16E+13,8.15E+12,355.726,,342.9445186
5.28E+13,8.37E+12,352.136,,5.24E+13,8.29E+12,342.5170883,335.6667465,5.18E+13,8.18E+12,355.266,,342.5170883
5.29E+13,8.40E+12,351.709,,5.25E+13,8.32E+12,342.0915964,335.2497644,5.19E+13,8.20E+12,354.807,,342.0915964
5.31E+13,8.42E+12,351.285,,5.27E+13,8.35E+12,341.6670737,334.8337322,5.21E+13,8.23E+12,354.35,,341.6670737
5.32E+13,8.45E+12,350.861,,5.28E+13,8.37E+12,341.2444895,334.4195997,5.22E+13,8.26E+12,353.896,,341.2444895
5.33E+13,8.48E+12,350.44,,5.30E+13,8.40E+12,340.8238438,334.0073669,5.24E+13,8.29E+12,353.443,,340.8238438
5.35E+13,8.50E+12,350.02,,5.31E+13,8.43E+12,340.4051365,333.5970338,5.25E+13,8.32E+12,352.991,,340.4051365
5.36E+13,8.53E+12,349.601,,5.32E+13,8.45E+12,339.9873985,333.1876505,5.27E+13,8.34E+12,352.542,,339.9873985
5.38E+13,8.56E+12,349.184,,5.34E+13,8.48E+12,339.5715989,332.7801669,5.28E+13,8.37E+12,352.095,,339.5715989
5.39E+13,8.58E+12,348.769,,5.35E+13,8.51E+12,339.1577378,332.374583,5.30E+13,8.40E+12,351.649,,339.1577378
5.40E+13,8.61E+12,348.355,,5.37E+13,8.53E+12,338.7448459,331.969949,5.31E+13,8.43E+12,351.205,,338.7448459
5.42E+13,8.64E+12,347.943,,5.38E+13,8.56E+12,338.3338924,331.5672146,5.32E+13,8.45E+12,350.763,,338.3338924
5.43E+13,8.66E+12,347.532,,5.39E+13,8.59E+12,337.9239082,331.1654301,5.34E+13,8.48E+12,350.322,,337.9239082
5.45E+13,8.69E+12,347.123,,5.41E+13,8.62E+12,337.5158625,330.7655452,5.35E+13,8.51E+12,349.884,,337.5158625
5.46E+13,8.72E+12,346.716,,5.42E+13,8.64E+12,337.1097552,330.3675601,5.37E+13,8.54E+12,349.447,,337.1097552
5.47E+13,8.74E+12,346.31,,5.44E+13,8.67E+12,336.7046171,329.9705248,5.38E+13,8.57E+12,349.012,,336.7046171
5.49E+13,8.77E+12,345.905,,5.45E+13,8.70E+12,336.3014175,329.5753892,5.40E+13,8.59E+12,348.578,,336.3014175
5.50E+13,8.80E+12,345.502,,5.46E+13,8.73E+12,335.9001564,329.1821533,5.41E+13,8.62E+12,348.147,,335.9001564
5.51E+13,8.82E+12,345.1,,5.48E+13,8.75E+12,335.4998645,328.7898672,5.43E+13,8.65E+12,347.716,,335.4998645
5.53E+13,8.85E+12,344.7,,5.49E+13,8.78E+12,335.1015111,328.3994808,5.44E+13,8.68E+12,347.288,,335.1015111
5.54E+13,8.88E+12,344.302,,5.51E+13,8.81E+12,334.7041268,328.0100443,5.45E+13,8.71E+12,346.861,,334.7041268
5.56E+13,8.90E+12,343.905,,5.52E+13,8.83E+12,334.3077118,327.6215576,5.47E+13,8.73E+12,346.436,,334.3077118
5.57E+13,8.93E+12,343.509,,5.53E+13,8.86E+12,333.9142045,327.2359205,5.48E+13,8.76E+12,346.013,,333.9142045
5.58E+13,8.96E+12,343.115,,5.55E+13,8.89E+12,333.5206972,326.8502833,5.50E+13,8.79E+12,345.591,,333.5206972
5.60E+13,8.98E+12,342.722,,5.56E+13,8.92E+12,333.1300976,326.4674957,5.51E+13,8.82E+12,345.171,,333.1300976
5.61E+13,9.01E+12,342.33,,5.58E+13,8.94E+12,332.739498,326.0847081,5.53E+13,8.85E+12,344.753,,332.739498
5.63E+13,9.04E+12,341.94,,5.59E+13,8.97E+12,332.3518061,325.70477,5.54E+13,8.87E+12,344.336,,332.3518061
5.64E+13,9.06E+12,341.552,,5.61E+13,9.00E+12,331.9650834,325.3257818,5.56E+13,8.90E+12,343.92,,331.9650834
5.65E+13,9.09E+12,341.165,,5.62E+13,9.03E+12,331.57933,324.9477434,5.57E+13,8.93E+12,343.507,,331.57933
5.67E+13,9.12E+12,340.779,,5.63E+13,9.05E+12,331.1945457,324.5706548,5.58E+13,8.96E+12,343.095,,331.1945457
5.68E+13,9.15E+12,340.394,,5.65E+13,9.08E+12,330.8126692,324.1964158,5.60E+13,8.99E+12,342.684,,330.8126692
5.69E+13,9.17E+12,340.011,,5.66E+13,9.11E+12,330.4307926,323.8221768,5.61E+13,9.01E+12,342.275,,330.4307926
5.71E+13,9.20E+12,339.63,,5.68E+13,9.14E+12,330.0508546,323.4498375,5.63E+13,9.04E+12,341.868,,330.0508546
5.72E+13,9.23E+12,339.249,,5.69E+13,9.16E+12,329.6728549,323.0793978,5.64E+13,9.07E+12,341.462,,329.6728549
5.74E+13,9.25E+12,338.87,,5.70E+13,9.19E+12,329.2958246,322.7099081,5.66E+13,9.10E+12,341.057,,329.2958246
5.75E+13,9.28E+12,338.493,,5.72E+13,9.22E+12,328.9197634,322.3413681,5.67E+13,9.13E+12,340.654,,328.9197634
5.76E+13,9.31E+12,338.117,,5.73E+13,9.25E+12,328.5456407,321.9747279,5.69E+13,9.16E+12,340.253,,328.5456407
5.78E+13,9.33E+12,337.742,,5.75E+13,9.27E+12,328.1724872,321.6090375,5.70E+13,9.18E+12,339.853,,328.1724872
5.79E+13,9.36E+12,337.368,,5.76E+13,9.30E+12,327.800303,321.2442969,5.71E+13,9.21E+12,339.455,,327.800303
5.81E+13,9.39E+12,336.996,,5.77E+13,9.33E+12,327.4300572,320.881456,5.73E+13,9.24E+12,339.058,,327.4300572
5.82E+13,9.42E+12,336.625,,5.79E+13,9.36E+12,327.0607806,320.519565,5.74E+13,9.27E+12,338.663,,327.0607806
5.83E+13,9.44E+12,336.255,,5.80E+13,9.38E+12,326.6934425,320.1595737,5.76E+13,9.30E+12,338.268,,326.6934425
5.85E+13,9.47E+12,335.886,,5.82E+13,9.41E+12,326.3270737,319.8005322,5.77E+13,9.33E+12,337.876,,326.3270737
5.86E+13,9.50E+12,335.519,,5.83E+13,9.44E+12,325.961674,319.4424406,5.79E+13,9.35E+12,337.485,,325.961674
5.87E+13,9.52E+12,335.153,,5.84E+13,9.47E+12,325.5972436,319.0852988,5.80E+13,9.38E+12,337.095,,325.5972436
5.89E+13,9.55E+12,334.789,,5.86E+13,9.49E+12,325.2347517,318.7300567,5.82E+13,9.41E+12,336.707,,325.2347517
5.90E+13,9.58E+12,334.425,,5.87E+13,9.52E+12,324.8741982,318.3767142,5.83E+13,9.44E+12,336.32,,324.8741982
5.92E+13,9.61E+12,334.063,,5.89E+13,9.55E+12,324.5136447,318.0233718,5.84E+13,9.47E+12,335.935,,324.5136447
5.93E+13,9.63E+12,333.702,,5.90E+13,9.58E+12,324.1550297,317.6719291,5.86E+13,9.50E+12,335.551,,324.1550297
5.94E+13,9.66E+12,333.343,,5.92E+13,9.61E+12,323.7973839,317.3214362,5.87E+13,9.52E+12,335.168,,323.7973839
5.96E+13,9.69E+12,332.984,,5.93E+13,9.63E+12,323.4416766,316.972843,5.89E+13,9.55E+12,334.787,,323.4416766
5.97E+13,9.72E+12,332.627,,5.94E+13,9.66E+12,323.0859692,316.6242498,5.90E+13,9.58E+12,334.407,,323.0859692
5.99E+13,9.74E+12,332.271,,5.96E+13,9.69E+12,322.7331696,316.2785062,5.92E+13,9.61E+12,334.029,,322.7331696
6.00E+13,9.77E+12,331.916,,5.97E+13,9.72E+12,322.3803699,315.9327625,5.93E+13,9.64E+12,333.652,,322.3803699
6.01E+13,9.80E+12,331.563,,5.99E+13,9.74E+12,322.0285395,315.5879687,5.95E+13,9.67E+12,333.276,,322.0285395
6.03E+13,9.82E+12,331.21,,6.00E+13,9.77E+12,321.6786476,315.2450746,5.96E+13,9.69E+12,332.902,,321.6786476
6.04E+13,9.85E+12,330.859,,6.01E+13,9.80E+12,321.3297248,314.9031303,5.98E+13,9.72E+12,332.528,,321.3297248
6.05E+13,9.88E+12,330.509,,6.03E+13,9.83E+12,320.9817713,314.5621359,5.99E+13,9.75E+12,332.157,,320.9817713
6.07E+13,9.91E+12,330.16,,6.04E+13,9.86E+12,320.6357563,314.2230412,6.00E+13,9.78E+12,331.786,,320.6357563
6.08E+13,9.93E+12,329.813,,6.06E+13,9.88E+12,320.2907105,313.8848963,6.02E+13,9.81E+12,331.417,,320.2907105
6.10E+13,9.96E+12,329.466,,6.07E+13,9.91E+12,319.9466339,313.5477012,6.03E+13,9.84E+12,331.049,,319.9466339
6.11E+13,9.99E+12,329.121,,6.08E+13,9.94E+12,319.6035266,313.211456,6.05E+13,9.87E+12,330.683,,319.6035266
6.12E+13,1.00E+13,328.777,,6.10E+13,9.97E+12,319.2613884,312.8761607,6.06E+13,9.89E+12,330.317,,319.2613884
6.14E+13,1.00E+13,328.434,,6.11E+13,9.99E+12,318.9211888,312.542765,6.08E+13,9.92E+12,329.953,,318.9211888
6.15E+13,1.01E+13,328.092,,6.13E+13,1.00E+13,318.5809891,312.2093693,6.09E+13,9.95E+12,329.591,,318.5809891
6.17E+13,1.01E+13,327.751,,6.14E+13,1.01E+13,318.2427279,311.8778734,6.11E+13,9.98E+12,329.229,,318.2427279
6.18E+13,1.01E+13,327.411,,6.16E+13,1.01E+13,317.9054359,311.5473272,6.12E+13,1.00E+13,328.869,,317.9054359
6.19E+13,1.02E+13,327.073,,6.17E+13,1.01E+13,317.5700824,311.2186808,6.13E+13,1.00E+13,328.51,,317.5700824
6.21E+13,1.02E+13,326.735,,6.18E+13,1.01E+13,317.2347289,310.8900343,6.15E+13,1.01E+13,328.153,,317.2347289
6.22E+13,1.02E+13,326.399,,6.20E+13,1.02E+13,316.9013139,310.5632876,6.16E+13,1.01E+13,327.796,,316.9013139
6.23E+13,1.02E+13,326.064,,6.21E+13,1.02E+13,316.5678988,310.2365408,6.18E+13,1.01E+13,327.441,,316.5678988
6.25E+13,1.03E+13,325.729,,6.23E+13,1.02E+13,316.2364222,309.9116938,6.19E+13,1.02E+13,327.087,,316.2364222
6.26E+13,1.03E+13,325.396,,6.24E+13,1.02E+13,315.9059149,309.5877966,6.21E+13,1.02E+13,326.734,,315.9059149
6.28E+13,1.03E+13,325.064,,6.25E+13,1.03E+13,315.5763767,309.2648492,6.22E+13,1.02E+13,326.382,,315.5763767
6.29E+13,1.03E+13,324.733,,6.27E+13,1.03E+13,315.2487771,308.9438015,6.24E+13,1.02E+13,326.032,,315.2487771
6.30E+13,1.04E+13,324.404,,6.28E+13,1.03E+13,314.9211774,308.6227538,6.25E+13,1.03E+13,325.683,,314.9211774
6.32E+13,1.04E+13,324.075,,6.30E+13,1.04E+13,314.5955162,308.3036058,6.26E+13,1.03E+13,325.335,,314.5955162
6.33E+13,1.04E+13,323.747,,6.31E+13,1.04E+13,314.269855,307.9844579,6.28E+13,1.03E+13,324.988,,314.269855
6.34E+13,1.05E+13,323.42,,6.32E+13,1.04E+13,313.9461322,307.6672096,6.29E+13,1.04E+13,324.642,,313.9461322
6.36E+13,1.05E+13,323.095,,6.34E+13,1.04E+13,313.6233787,307.3509111,6.31E+13,1.04E+13,324.298,,313.6233787
6.37E+13,1.05E+13,322.77,,6.35E+13,1.05E+13,313.3006252,307.0346127,6.32E+13,1.04E+13,323.954,,313.3006252
6.39E+13,1.05E+13,322.447,,6.37E+13,1.05E+13,312.9798101,306.7202139,6.34E+13,1.04E+13,323.612,,312.9798101
6.40E+13,1.06E+13,322.124,,6.38E+13,1.05E+13,312.6599643,306.406765,6.35E+13,1.05E+13,323.271,,312.6599643
6.41E+13,1.06E+13,321.803,,6.39E+13,1.06E+13,312.3420569,306.0952158,6.37E+13,1.05E+13,322.931,,312.3420569
6.43E+13,1.06E+13,321.482,,6.41E+13,1.06E+13,312.0241495,305.7836665,6.38E+13,1.05E+13,322.593,,312.0241495
6.44E+13,1.07E+13,321.163,,6.42E+13,1.06E+13,311.7072114,305.4730671,6.39E+13,1.06E+13,322.255,,311.7072114
6.46E+13,1.07E+13,320.844,,6.44E+13,1.06E+13,311.3912425,305.1634176,6.41E+13,1.06E+13,321.918,,311.3912425
6.47E+13,1.07E+13,320.527,,6.45E+13,1.07E+13,311.077212,304.8556678,6.42E+13,1.06E+13,321.583,,311.077212
6.48E+13,1.07E+13,320.21,,6.47E+13,1.07E+13,310.7631815,304.5479179,6.44E+13,1.06E+13,321.249,,310.7631815
6.50E+13,1.08E+13,319.895,,6.48E+13,1.07E+13,310.4501203,304.2411179,6.45E+13,1.07E+13,320.916,,310.4501203
6.51E+13,1.08E+13,319.58,,6.49E+13,1.08E+13,310.1389976,303.9362176,6.47E+13,1.07E+13,320.583,,310.1389976
6.52E+13,1.08E+13,319.267,,6.51E+13,1.08E+13,309.8278748,303.6313173,6.48E+13,1.07E+13,320.252,,309.8278748
6.54E+13,1.08E+13,318.954,,6.52E+13,1.08E+13,309.5186905,303.3283167,6.50E+13,1.08E+13,319.922,,309.5186905
6.55E+13,1.09E+13,318.643,,6.54E+13,1.08E+13,309.2095062,303.0253161,6.51E+13,1.08E+13,319.594,,309.2095062
6.57E+13,1.09E+13,318.332,,6.55E+13,1.09E+13,308.9022603,302.7242151,6.52E+13,1.08E+13,319.266,,308.9022603
6.58E+13,1.09E+13,318.022,,6.56E+13,1.09E+13,308.5950145,302.4231142,6.54E+13,1.08E+13,318.939,,308.5950145
6.59E+13,1.10E+13,317.714,,6.58E+13,1.09E+13,308.2897071,302.123913,6.55E+13,1.09E+13,318.613,,308.2897071
6.61E+13,1.10E+13,317.406,,6.59E+13,1.10E+13,307.9843997,301.8247117,6.57E+13,1.09E+13,318.289,,307.9843997
6.62E+13,1.10E+13,317.099,,6.61E+13,1.10E+13,307.6800616,301.5264603,6.58E+13,1.09E+13,317.965,,307.6800616
6.64E+13,1.10E+13,316.793,,6.62E+13,1.10E+13,307.3776619,301.2301086,6.60E+13,1.10E+13,317.643,,307.3776619
6.65E+13,1.11E+13,316.488,,6.63E+13,1.10E+13,307.0752622,300.9337569,6.61E+13,1.10E+13,317.321,,307.0752622
6.66E+13,1.11E+13,316.184,,6.65E+13,1.11E+13,306.7748009,300.6393049,6.63E+13,1.10E+13,317.001,,306.7748009
6.68E+13,1.11E+13,315.881,,6.66E+13,1.11E+13,306.4743397,300.3448529,6.64E+13,1.10E+13,316.681,,306.4743397
6.69E+13,1.12E+13,315.579,,6.68E+13,1.11E+13,306.1748477,300.0513507,6.66E+13,1.11E+13,316.363,,306.1748477
6.70E+13,1.12E+13,315.278,,6.69E+13,1.12E+13,305.8772941,299.7597482,6.67E+13,1.11E+13,316.046,,305.8772941
6.72E+13,1.12E+13,314.977,,6.70E+13,1.12E+13,305.5797406,299.4681458,6.68E+13,1.11E+13,315.729,,305.5797406
6.73E+13,1.12E+13,314.678,,6.72E+13,1.12E+13,305.2831563,299.1774931,6.70E+13,1.12E+13,315.414,,305.2831563
6.75E+13,1.13E+13,314.38,,6.73E+13,1.12E+13,304.9875412,298.8877903,6.71E+13,1.12E+13,315.1,,304.9875412
6.76E+13,1.13E+13,314.082,,6.75E+13,1.13E+13,304.6928953,298.5990374,6.73E+13,1.12E+13,314.786,,304.6928953
6.77E+13,1.13E+13,313.785,,6.76E+13,1.13E+13,304.3992187,298.3112343,6.74E+13,1.13E+13,314.474,,304.3992187
6.79E+13,1.13E+13,313.489,,6.78E+13,1.13E+13,304.1065113,298.0243811,6.76E+13,1.13E+13,314.162,,304.1065113
6.80E+13,1.14E+13,313.194,,6.79E+13,1.13E+13,303.8147731,297.7384776,6.77E+13,1.13E+13,313.852,,303.8147731
6.82E+13,1.14E+13,312.9,,6.80E+13,1.14E+13,303.5240042,297.4535241,6.79E+13,1.13E+13,313.543,,303.5240042
6.83E+13,1.14E+13,312.607,,6.82E+13,1.14E+13,303.2332352,297.1685705,6.80E+13,1.14E+13,313.234,,303.2332352
6.84E+13,1.15E+13,312.315,,6.83E+13,1.14E+13,302.9444047,296.8855167,6.81E+13,1.14E+13,312.927,,302.9444047
6.86E+13,1.15E+13,312.023,,6.85E+13,1.15E+13,302.6555743,296.6024628,6.83E+13,1.14E+13,312.62,,302.6555743
6.87E+13,1.15E+13,311.733,,6.86E+13,1.15E+13,302.3686822,296.3213086,6.84E+13,1.15E+13,312.314,,302.3686822
6.88E+13,1.15E+13,311.443,,6.87E+13,1.15E+13,302.0817902,296.0401544,6.86E+13,1.15E+13,312.01,,302.0817902
6.90E+13,1.16E+13,311.154,,6.89E+13,1.15E+13,301.7958674,295.7599501,6.87E+13,1.15E+13,311.706,,301.7958674
6.91E+13,1.16E+13,310.866,,6.90E+13,1.16E+13,301.5109139,295.4806956,6.89E+13,1.15E+13,311.403,,301.5109139
6.93E+13,1.16E+13,310.579,,6.92E+13,1.16E+13,301.2269295,295.202391,6.90E+13,1.16E+13,311.101,,301.2269295
6.94E+13,1.17E+13,310.293,,6.93E+13,1.16E+13,300.9439144,294.9250362,6.92E+13,1.16E+13,310.8,,300.9439144
6.95E+13,1.17E+13,310.007,,6.94E+13,1.17E+13,300.6608993,294.6476814,6.93E+13,1.16E+13,310.5,,300.6608993
6.97E+13,1.17E+13,309.722,,6.96E+13,1.17E+13,300.3798227,294.3722262,6.94E+13,1.17E+13,310.201,,300.3798227
6.98E+13,1.17E+13,309.439,,6.97E+13,1.17E+13,300.0987461,294.0967711,6.96E+13,1.17E+13,309.903,,300.0987461
7.00E+13,1.18E+13,309.156,,6.99E+13,1.18E+13,299.8186386,293.8222659,6.97E+13,1.17E+13,309.606,,299.8186386
7.01E+13,1.18E+13,308.873,,7.00E+13,1.18E+13,299.5404697,293.5496603,6.99E+13,1.18E+13,309.309,,299.5404697
7.02E+13,1.18E+13,308.592,,7.01E+13,1.18E+13,299.2613315,293.2761049,7.00E+13,1.18E+13,309.014,,299.2613315
7.04E+13,1.19E+13,308.311,,7.03E+13,1.18E+13,298.9841318,293.0044491,7.02E+13,1.18E+13,308.719,,298.9841318
7.05E+13,1.19E+13,308.032,,7.04E+13,1.19E+13,298.7079013,292.7337433,7.03E+13,1.18E+13,308.426,,298.7079013
7.06E+13,1.19E+13,307.753,,7.06E+13,1.19E+13,298.4316708,292.4630374,7.05E+13,1.19E+13,308.133,,298.4316708
7.08E+13,1.19E+13,307.475,,7.07E+13,1.19E+13,298.1573788,292.1942312,7.06E+13,1.19E+13,307.841,,298.1573788
7.09E+13,1.20E+13,307.197,,7.09E+13,1.20E+13,297.8830867,291.925425,7.07E+13,1.19E+13,307.55,,297.8830867
7.11E+13,1.20E+13,306.921,,7.10E+13,1.20E+13,297.6097639,291.6575686,7.09E+13,1.20E+13,307.26,,297.6097639
7.12E+13,1.20E+13,306.645,,7.11E+13,1.20E+13,297.3364411,291.3897123,7.10E+13,1.20E+13,306.971,,297.3364411
7.13E+13,1.21E+13,306.37,,7.13E+13,1.20E+13,297.0650568,291.1237556,7.12E+13,1.20E+13,306.682,,297.0650568
7.15E+13,1.21E+13,306.096,,7.14E+13,1.21E+13,296.7936724,290.857799,7.13E+13,1.20E+13,306.395,,296.7936724
7.16E+13,1.21E+13,305.822,,7.16E+13,1.21E+13,296.5242266,290.593742,7.15E+13,1.21E+13,306.108,,296.5242266
7.18E+13,1.21E+13,305.55,,7.17E+13,1.21E+13,296.2547807,290.3296851,7.16E+13,1.21E+13,305.822,,296.2547807
7.19E+13,1.22E+13,305.278,,7.18E+13,1.22E+13,295.9853348,290.0656281,7.18E+13,1.21E+13,305.537,,295.9853348
7.20E+13,1.22E+13,305.007,,7.20E+13,1.22E+13,295.7178274,289.8034708,7.19E+13,1.22E+13,305.253,,295.7178274
7.22E+13,1.22E+13,304.736,,7.21E+13,1.22E+13,295.4512892,289.5422634,7.20E+13,1.22E+13,304.969,,295.4512892
7.23E+13,1.22E+13,304.467,,7.23E+13,1.22E+13,295.184751,289.2810559,7.22E+13,1.22E+13,304.687,,295.184751
7.24E+13,1.23E+13,304.198,,7.24E+13,1.23E+13,294.919182,289.0207984,7.23E+13,1.23E+13,304.405,,294.919182
7.26E+13,1.23E+13,303.93,,7.25E+13,1.23E+13,294.653613,288.7605408,7.25E+13,1.23E+13,304.124,,294.653613
7.27E+13,1.23E+13,303.662,,7.27E+13,1.23E+13,294.3899825,288.5021829,7.26E+13,1.23E+13,303.844,,294.3899825
7.29E+13,1.24E+13,303.396,,7.28E+13,1.24E+13,294.126352,288.243825,7.28E+13,1.23E+13,303.565,,294.126352
7.30E+13,1.24E+13,303.13,,7.30E+13,1.24E+13,293.8636908,287.9864169,7.29E+13,1.24E+13,303.287,,293.8636908
7.31E+13,1.24E+13,302.865,,7.31E+13,1.24E+13,293.6019987,287.7299587,7.31E+13,1.24E+13,303.009,,293.6019987
7.33E+13,1.24E+13,302.6,,7.32E+13,1.24E+13,293.3412759,287.4744504,7.32E+13,1.24E+13,302.732,,293.3412759
7.34E+13,1.25E+13,302.337,,7.34E+13,1.25E+13,293.0805531,287.218942,7.34E+13,1.25E+13,302.456,,293.0805531
7.36E+13,1.25E+13,302.074,,7.35E+13,1.25E+13,292.8207995,286.9643835,7.35E+13,1.25E+13,302.181,,292.8207995
7.37E+13,1.25E+13,301.812,,7.37E+13,1.25E+13,292.5620151,286.7107748,7.36E+13,1.25E+13,301.907,,292.5620151
7.38E+13,1.26E+13,301.55,,7.38E+13,1.26E+13,292.3042,286.458116,7.38E+13,1.26E+13,301.633,,292.3042
7.40E+13,1.26E+13,301.29,,7.40E+13,1.26E+13,292.0463849,286.2054572,7.39E+13,1.26E+13,301.361,,292.0463849
7.41E+13,1.26E+13,301.03,,7.41E+13,1.26E+13,291.789539,285.9537482,7.41E+13,1.26E+13,301.088,,291.789539
7.42E+13,1.26E+13,300.77,,7.42E+13,1.26E+13,291.5336623,285.7029891,7.42E+13,1.26E+13,300.817,,291.5336623
7.44E+13,1.27E+13,300.512,,7.44E+13,1.27E+13,291.2787549,285.4531798,7.44E+13,1.27E+13,300.547,,291.2787549
7.45E+13,1.27E+13,300.254,,7.45E+13,1.27E+13,291.0238474,285.2033705,7.45E+13,1.27E+13,300.277,,291.0238474
7.47E+13,1.27E+13,299.996,,7.47E+13,1.27E+13,290.7699092,284.954511,7.47E+13,1.27E+13,300.008,,290.7699092
7.48E+13,1.28E+13,299.74,,7.48E+13,1.28E+13,290.5169403,284.7066014,7.48E+13,1.28E+13,299.74,,290.5169403
